1.25;64.4454;62.4922;63.1954;12;62,7559; ;-0,921147; ;9;glob;62,7481; ;-0,921148; ;11;glob
1.25;-43.7627;-8.23554;11.7485;40;-0,00178128; ;6,34589e-11; ;23;loc;1,45345e-09; ;-7,15712e-18; ;7;loc
1.25;48.1718;59.8133;66.3617;30;62,7564; ;-0,921147; ;19;glob;62,7481; ;-0,921148; ;15;glob
1.25;-17.4671;-2.91519;5.27026;32;0,0278927; ;1,556e-08; ;19;loc;4,67702e-12; ;-7,15717e-18; ;7;loc
1.25;37.1358;-7.27311;8.7141;40;4,4785e-05; ;4,01067e-14; ;23;loc;1,57495e-10; ;-7,15717e-18; ;7;loc
1.25;78.82;60.6301;67.1785;32;62,7638; ;-0,921145; ;19;glob;62,7477; ;-0,921148; ;15;glob
1.25;96.2545;51.8456;67.8328;40;62,7553; ;-0,921148; ;23;glob;62,7481; ;-0,921148; ;23;glob
1.25;-25.4409;-7.25098;2.98083;34;-0,00344761; ;2,3772e-10; ;21;loc;1,18626e-12; ;-7,15717e-18; ;7;loc
1.25;21.0486;-7.37307;2.85874;36;0,0165698; ;5,49119e-09; ;21;loc;1,05533e-12; ;-7,15717e-18; ;7;loc
1.25;24.6399;-3.78178;6.45004;36;-0,015901; ;5,05682e-09; ;21;loc;1,47025e-11; ;-7,15717e-18; ;7;loc
1.25;79.7848;57.0474;65.2329;34;62,7496; ;-0,921148; ;19;glob;62,7496; ;-0,921148; ;15;glob
1.25;-85.966;-16.577;22.4542;46;-0,00474617; ;4,50523e-10; ;27;loc;2,24861e-13; ;-7,15717e-18; ;15;loc
1.25;-26.6372;-3.89983;8.88994;36;0,00815229; ;1,3292e-09; ;21;loc;6,29066e-11; ;-7,15717e-18; ;7;loc
1.25;-75.325;-19.8139;11.4111;44;-0,0187183; ;7,00752e-09; ;25;loc;1,68661e-09; ;-7,15711e-18; ;7;loc
1.25;-45.0811;-9.55399;10.43;40;-0,033707; ;2,27232e-08; ;23;loc;6,82345e-10; ;-7,15716e-18; ;7;loc
1.25;88.4026;52.8755;65.6653;38;62,7343; ;-0,921145; ;21;glob;62,7482; ;-0,921148; ;23;glob
1.25;63.7387;62.1762;63.7387;10;62,7715; ;-0,92114; ;13;glob;62,7482; ;-0,921148; ;14;glob
1.25;13.4945;-4.69541;1.85296;32;0,0135277; ;3,65995e-09; ;19;loc;4,89782e-13; ;-7,15717e-18; ;7;loc
1.25;-11.318;-2.00482;3.23387;28;-0,00459185; ;4,21702e-10; ;17;loc;9,66343e-13; ;-7,15717e-18; ;7;loc
1.25;-55.0027;-10.5938;14.3862;42;0,00781254; ;1,22071e-09; ;25;loc;5,89205e-09; ;-7,15647e-18; ;7;loc
1.25;97.333;52.9241;68.9113;40;62,736; ;-0,921146; ;23;glob;62,748; ;-0,921148; ;23;glob
1.25;-36.6915;-8.2698;7.71741;38;0,0325707; ;2,12169e-08; ;23;loc;7,698e-11; ;-7,15717e-18; ;7;loc
1.25;-75.5728;-20.0616;11.1634;44;-0,0180001; ;6,48007e-09; ;25;loc;1,40507e-09; ;-7,15713e-18; ;7;loc
1.25;44.8884;59.4403;67.6257;32;62,7512; ;-0,921148; ;19;glob;62,7469; ;-0,921148; ;15;glob
1.25;40.0501;-15.461;4.52301;42;-0,0227074; ;1,03125e-08; ;23;loc;4,04292e-12; ;-7,15717e-18; ;7;loc
1.25;7.52238;-1.79085;1.56191;26;-0,0158578; ;5,02937e-09; ;15;loc;3,99041e-13; ;-7,15717e-18; ;7;loc
1.25;64.8475;62.4061;63.285;14;62,7442; ;-0,921148; ;11;glob;62,7481; ;-0,921148; ;11;glob
1.25;51.1913;60.5045;65.7432;28;62,7905; ;-0,921121; ;17;glob;62,7481; ;-0,921148; ;15;glob
1.25;10.1583;-1.48325;2.70771;28;-0,0354617; ;2,51507e-08; ;17;loc;5,74209e-13; ;-7,15717e-18; ;7;loc
1.25;-21.4706;-3.28071;6.95111;34;-0,0122127; ;2,98298e-09; ;21;loc;1,47904e-11; ;-7,15717e-18; ;7;loc
1.25;26.7006;-8.82651;3.96326;38;-0,0335457; ;2,25063e-08; ;21;loc;2,82493e-12; ;-7,15717e-18; ;7;loc
1.25;75.9711;57.7812;64.3295;32;62,7844; ;-0,921129; ;19;glob;62,7482; ;-0,921148; ;15;glob
1.25;-30.621;-7.88365;4.90611;36;0,021133; ;8,93206e-09; ;21;loc;6,76353e-12; ;-7,15717e-18; ;7;loc
1.25;24.8524;-3.56935;6.66247;36;-0,0166364; ;5,53537e-09; ;21;loc;1,52266e-11; ;-7,15717e-18; ;7;loc
1.25;1.40999;-0.543139;0.159986;12;-0,0157953; ;4,98985e-09; ;9;loc;2,25753e-13; ;-7,15717e-18; ;7;loc
1.25;-39.0597;-10.638;5.34918;38;-0,00276126; ;1,52491e-10; ;23;loc;9,97998e-12; ;-7,15717e-18; ;7;loc
1.25;86.5813;58.1596;68.3914;36;62,7781; ;-0,921135; ;21;glob;62,7469; ;-0,921148; ;15;glob
1.25;-61.7164;-17.3074;7.67259;42;-0,0135722; ;3,68408e-09; ;25;loc;7,80342e-11; ;-7,15717e-18; ;7;loc
1.25;97.6252;53.2163;69.2035;40;62,7537; ;-0,921148; ;23;glob;62,7481; ;-0,921148; ;23;glob
1.25;39.0368;-5.37217;10.615;40;-0,0202268; ;8,18248e-09; ;23;loc;3,78319e-10; ;-7,15716e-18; ;7;loc
1.25;46.6415;58.283;64.8314;30;62,7712; ;-0,92114; ;19;glob;62,7487; ;-0,921148; ;15;glob
1.25;4.38532;-1.57514;0.570627;22;0,00262992; ;1,38329e-10; ;15;loc;2,45713e-13; ;-7,15717e-18; ;7;loc
1.25;48.6274;60.2689;66.8173;30;62,7705; ;-0,921141; ;19;glob;62,7477; ;-0,921148; ;15;glob
1.25;-7.95166;-1.9912;1.36156;24;-0,0189863; ;7,20963e-09; ;15;loc;3,65556e-13; ;-7,15717e-18; ;7;loc
1.25;-9.22675;-1.77617;2.41478;26;-0,0235887; ;1,11285e-08; ;17;loc;5,98392e-13; ;-7,15717e-18; ;7;loc
1.25;-37.3506;-8.92893;7.05828;38;-0,00903147; ;1,63135e-09; ;23;loc;4,54295e-11; ;-7,15717e-18; ;7;loc
1.25;-94.3599;-24.971;14.0603;46;-0,0165346; ;5,46787e-09; ;27;loc;7,65403e-09; ;-7,15599e-18; ;7;loc
1.25;8.09296;-1.22026;2.1325;26;-0,036935; ;2,72838e-08; ;15;loc;4,16599e-13; ;-7,15717e-18; ;7;loc
1.25;69.329;61.8785;64.5607;24;62,7462; ;-0,921148; ;15;glob;62,7482; ;-0,921148; ;15;glob
1.25;41.8902;-13.621;6.36306;42;0,0162018; ;5,24994e-09; ;23;loc;2,46232e-11; ;-7,15717e-18; ;7;loc
1.25;-52.537;-8.12807;16.8519;42;0,0219066; ;9,598e-09; ;25;loc;-2,26711e-08; ;-7,14689e-18; ;7;loc
1.25;25.0709;-3.35077;6.88104;36;-0,0112222; ;2,51873e-09; ;21;loc;1,50563e-11; ;-7,15717e-18; ;7;loc
1.25;42.4448;-13.0663;6.91767;42;-0,0295646; ;1,74813e-08; ;23;loc;4,11448e-11; ;-7,15717e-18; ;7;loc
1.25;88.6008;53.0737;65.8635;38;62,7549; ;-0,921148; ;21;glob;62,7472; ;-0,921148; ;15;glob
1.25;2.97236;-0.842338;0.530953;18;0,00779485; ;1,21519e-09; ;13;loc;2,45932e-13; ;-7,15717e-18; ;7;loc
1.25;56.6138;61.3821;64.0643;22;62,7232; ;-0,921139; ;15;glob;62,7482; ;-0,921148; ;15;glob
1.25;49.5432;61.1847;67.7331;30;62,7298; ;-0,921143; ;19;glob;62,7482; ;-0,921148; ;19;glob
1.25;-65.8409;-10.3298;20.8953;44;0,0233578; ;1,09118e-08; ;25;loc;-2,95422e-06; ;1,67391e-16; ;7;loc
1.25;-56.8619;-12.453;12.527;42;0,00385017; ;2,96477e-10; ;25;loc;3,18282e-09; ;-7,15696e-18; ;7;loc
1.25;-8.52027;-1.06969;3.12126;26;-0,00289987; ;1,68185e-10; ;17;loc;3,1601e-13; ;-7,15717e-18; ;7;loc
1.25;-9.3132;-1.86262;2.32833;26;-0,0338396; ;2,29024e-08; ;17;loc;5,91489e-13; ;-7,15717e-18; ;7;loc
1.25;91.7779;56.2508;69.0406;38;62,7345; ;-0,921145; ;21;glob;62,7553; ;-0,921148; ;15;glob
1.25;73.7944;59.2425;64.4811;30;62,7667; ;-0,921143; ;17;glob;62,7484; ;-0,921148; ;15;glob
1.25;-33.1599;-4.73816;11.2491;38;-0,00374883; ;2,81075e-10; ;23;loc;3,48929e-10; ;-7,15716e-18; ;7;loc
1.25;-37.4592;-9.03753;6.94968;38;0,0195993; ;7,68262e-09; ;23;loc;4,1506e-11; ;-7,15717e-18; ;7;loc
1.25;-97.0857;-27.6968;11.3345;46;0,00905803; ;1,64096e-09; ;27;loc;1,51524e-09; ;-7,15712e-18; ;7;loc
1.25;73.6858;59.1339;64.3726;30;62,7534; ;-0,921148; ;17;glob;62,7483; ;-0,921148; ;15;glob
1.25;10.9009;-3.65101;1.58768;30;-0,0315487; ;1,99064e-08; ;17;loc;4,1786e-13; ;-7,15717e-18; ;7;loc
1.25;68.4106;60.96;63.6422;24;62,7745; ;-0,921138; ;15;glob;62,7482; ;-0,921148; ;15;glob
1.25;-45.8003;-10.2732;9.71083;40;0,0190088; ;7,2267e-09; ;23;loc;4,14493e-10; ;-7,15716e-18; ;7;loc
1.25;-51.2576;-6.84863;18.1314;42;-0,0238509; ;1,13773e-08; ;25;loc;-4,87407e-08; ;-7,10965e-18; ;7;loc
1.25;96.0259;51.617;67.6042;40;62,7326; ;-0,921145; ;23;glob;62,7481; ;-0,921148; ;23;glob
1.25;-5.99763;-1.22925;1.45296;22;0,0329626; ;2,17306e-08; ;15;loc;3,4367e-13; ;-7,15717e-18; ;7;loc
1.25;-5.32535;-1.51065;0.635114;20;0,00400607; ;3,20971e-10; ;15;loc;2,53901e-13; ;-7,15717e-18; ;7;loc
1.25;62.4585;61.4585;63.4585;6;62,7919; ;-0,92112; ;13;glob;62,7482; ;-0,921148; ;15;glob
1.25;-23.4318;-5.24191;4.9899;34;0,0161018; ;5,18538e-09; ;21;loc;6,63984e-12; ;-7,15717e-18; ;7;loc
1.25;-84.3044;-14.9155;24.1158;46;-0,00680771; ;9,26898e-10; ;27;loc;2,24989e-13; ;-7,15717e-18; ;15;loc
1.25;-49.5263;-13.9992;5.98482;40;-0,0189659; ;7,19409e-09; ;23;loc;1,71996e-11; ;-7,15717e-18; ;7;loc
1.25;83.6604;55.2387;65.4705;36;62,7705; ;-0,921141; ;21;glob;62,7498; ;-0,921148; ;14;glob
1.25;-94.8978;-25.5088;13.5224;46;0,0214566; ;9,20772e-09; ;27;loc;6,18102e-09; ;-7,1564e-18; ;7;loc
1.25;-80.0157;-10.6267;28.4045;46;-0,00511455; ;5,23173e-10; ;27;loc;2,42608e-13; ;-7,15717e-18; ;15;loc
1.25;52.0422;61.3554;66.5941;28;62,7841; ;-0,921129; ;17;glob;62,7482; ;-0,921148; ;15;glob
1.25;-6.50515;-1.73678;0.945429;22;-0,00123262; ;3,03872e-11; ;15;loc;2,92618e-13; ;-7,15717e-18; ;7;loc
1.25;44.0091;-11.502;8.48197;42;-0,00909405; ;1,65404e-09; ;23;loc;1,59847e-10; ;-7,15717e-18; ;7;loc
1.25;17.7145;-5.02291;3.16254;34;0,0355176; ;2,523e-08; ;19;loc;1,44871e-12; ;-7,15717e-18; ;7;loc
1.25;46.7394;58.3809;64.9293;30;62,7219; ;-0,921138; ;19;glob;62,7488; ;-0,921148; ;15;glob
1.25;-74.8786;-19.3674;11.8576;44;0,0136093; ;3,70427e-09; ;25;loc;2,31266e-09; ;-7,15706e-18; ;7;loc
1.25;-30.0607;-7.32329;5.46648;36;-0,0402254; ;3,23617e-08; ;21;loc;1,10052e-11; ;-7,15717e-18; ;7;loc
1.25;38.516;-5.89293;10.0943;40;0,00792859; ;1,25725e-09; ;23;loc;3,29531e-10; ;-7,15716e-18; ;7;loc
1.25;-16.6465;-2.09458;6.09087;32;0,0207583; ;8,61817e-09; ;19;loc;1,10698e-12; ;-7,15717e-18; ;7;loc
1.25;-26.2841;-3.54678;9.24299;36;0,0059318; ;7,03724e-10; ;21;loc;4,4189e-11; ;-7,15717e-18; ;7;loc
1.25;29.8992;-5.6279;7.16187;38;-0,0323764; ;2,09646e-08; ;21;loc;3,89294e-11; ;-7,15717e-18; ;7;loc
1.25;-13.4294;-1.78791;4.76045;30;-0,0220617; ;9,73437e-09; ;19;loc;1,01234e-12; ;-7,15717e-18; ;7;loc
1.25;18.4688;-4.26855;3.9169;34;-0,0378655; ;2,86759e-08; ;19;loc;2,58097e-12; ;-7,15717e-18; ;7;loc
1.25;16.4588;-6.27855;1.90691;34;-0,0244932; ;1,19983e-08; ;19;loc;4,67257e-13; ;-7,15717e-18; ;7;loc
1.25;-76.705;-21.1938;10.0312;44;0,00937215; ;1,75674e-09; ;25;loc;5,76076e-10; ;-7,15716e-18; ;7;loc
1.25;-12.034;-2.72073;2.51796;28;0,0414844; ;3,44191e-08; ;17;loc;7,86291e-13; ;-7,15717e-18; ;7;loc
1.25;83.596;55.1743;65.4061;36;62,7771; ;-0,921136; ;21;glob;62,7482; ;-0,921148; ;19;glob
1.25;42.4297;-13.0815;6.90253;42;0,0410648; ;3,37264e-08; ;23;loc;4,05812e-11; ;-7,15717e-18; ;7;loc
1.25;54.8521;60.8126;64.1653;24;62,7848; ;-0,921128; ;15;glob;62,7482; ;-0,921148; ;15;glob
2.25;-29.7682;-18.3776;27.8968;14;-0,0195213; ;7,62159e-09; ;27;loc;2,2787e-13; ;-7,15717e-18; ;15;loc
2.25;-70.6568;-12.9917;221.272;18;-0,0274309; ;1,50491e-08; ;33;loc;-8,09622e-06; ;1,30382e-15; ;7;loc
2.25;67.3821;55.9915;65.1321;12;62,72; ;-0,921136; ;21;glob;62,7482; ;-0,921148; ;19;glob
2.25;65.2338;60.1713;65.2338;10;62,7486; ;-0,921148; ;17;glob;62,7483; ;-0,921148; ;15;glob
2.25;16.7629;-8.86602;11.7004;14;-0,039236; ;3,07893e-08; ;23;loc;1,51926e-09; ;-7,15712e-18; ;7;loc
2.25;-10.2333;-5.17079;15.3956;12;0,0370117; ;2,73973e-08; ;23;loc;4,35564e-11; ;-7,15717e-18; ;7;loc
2.25;57.6529;59.9029;69.0436;10;62,7594; ;-0,921146; ;21;glob;62,7482; ;-0,921148; ;19;glob
2.25;-59.5727;-1.90768;232.357;18;62,7326; ;-0,921145; ;33;glob;2,53104e-10; ;-7,15717e-18; ;7;glob
2.25;-43.6372;-18.0083;86.1091;16;-0,0143352; ;4,10995e-09; ;31;loc;2,25091e-13; ;-7,15717e-18; ;19;loc
2.25;-99.9636;-42.2985;191.966;18;0,039453; ;3,11308e-08; ;33;loc;-1,75153e-12; ;-7,15717e-18; ;22;loc
2.25;69.4445;58.0538;67.1945;12;62,7511; ;-0,921148; ;21;glob;62,7502; ;-0,921148; ;15;glob
2.25;11.7274;-13.9015;6.66493;14;-0,0434211; ;3,77079e-08; ;23;loc;3,24202e-11; ;-7,15717e-18; ;7;loc
2.25;0.350171;-0.649829;1.35017;6;0,0168381; ;5,67045e-09; ;13;loc;2,69711e-13; ;-7,15717e-18; ;7;loc
2.25;56.587;58.837;67.9776;10;62,7725; ;-0,921139; ;21;glob;62,7466; ;-0,921148; ;15;glob
2.25;99.3987;41.7336;88.008;16;62,7468; ;-0,921148; ;27;glob;62,7486; ;-0,921148; ;26;glob
2.25;73.9392;48.3103;68.8767;14;62,7862; ;-0,921127; ;23;glob;62,7482; ;-0,921148; ;31;glob
2.25;-30.0241;-18.6335;27.6409;14;0,0280178; ;1,56999e-08; ;27;loc;2,26983e-13; ;-7,15717e-18; ;15;loc
2.25;84.4162;26.7511;73.0255;16;62,7845; ;-0,921129; ;27;glob;0; ;nan; ;4;glob
2.25;-16.5523;-11.4898;9.0766;12;-0,0149859; ;4,49152e-09; ;23;loc;2,60695e-10; ;-7,15717e-18; ;7;loc
2.25;15.9939;-9.63497;10.9314;14;-0,0137807; ;3,79813e-09; ;23;loc;9,78001e-10; ;-7,15715e-18; ;7;loc
2.25;6.67625;-4.71437;4.42625;12;-0,0171091; ;5,8544e-09; ;21;loc;4,02324e-12; ;-7,15717e-18; ;7;loc
2.25;19.0732;-38.5918;7.68259;16;0,0207598; ;8,61942e-09; ;27;loc;5,61115e-11; ;-7,15717e-18; ;7;loc
2.25;84.7969;27.1319;73.4063;16;62,7859; ;-0,921127; ;27;glob;0; ;nan; ;4;glob
2.25;59.8362;59.8362;64.8987;8;62,7817; ;-0,921131; ;17;glob;62,7484; ;-0,921148; ;15;glob
2.25;-28.9633;-17.5727;28.7018;14;0,0267898; ;1,43539e-08; ;27;loc;2,33649e-13; ;-7,15717e-18; ;15;loc
2.25;-27.2477;-15.8571;30.4173;14;-0,00243605; ;1,18687e-10; ;27;loc;2,99735e-13; ;-7,15717e-18; ;15;loc
2.25;-49.045;-23.4161;80.7013;16;-0,0108757; ;2,36564e-09; ;31;loc;2,24885e-13; ;-7,15717e-18; ;19;loc
2.25;-92.2446;-66.6157;37.5017;16;0,0142293; ;4,04946e-09; ;31;loc;-4,25933e-07; ;-3,52878e-18; ;39;loc
2.25;-12.1363;-7.07379;13.4926;12;-0,0123634; ;3,05708e-09; ;23;loc;2,68787e-09; ;-7,15702e-18; ;7;loc
2.25;-70.4138;-12.7488;221.515;18;0,0342407; ;2,34485e-08; ;33;loc;-6,38798e-06; ;8,08968e-16; ;7;loc
2.25;-97.2988;-39.6337;194.63;18;62,7209; ;-0,921137; ;33;glob;5,56092e-13; ;-7,15717e-18; ;19;glob
2.25;-90.1702;-64.5413;39.5761;16;0,00237365; ;1,12684e-10; ;31;loc;-3,43769e-06; ;2,29197e-16; ;43;loc
2.25;49.2904;54.3529;74.9193;12;62,7383; ;-0,921147; ;23;glob;62,7482; ;-0,921148; ;29;glob
2.25;14.8324;-10.7965;9.7699;14;-0,0278259; ;1,54856e-08; ;23;loc;4,42646e-10; ;-7,15716e-18; ;7;loc
2.25;-35.2974;-23.9067;22.3677;14;-0,0109443; ;2,39554e-09; ;27;loc;-6,99689e-11; ;-7,15717e-18; ;15;loc
2.25;-49.5473;-23.9184;80.199;16;0,00837991; ;1,40446e-09; ;31;loc;2,24868e-13; ;-7,15717e-18; ;18;loc
2.25;-63.4106;-5.74555;228.519;18;62,7931; ;-0,921118; ;33;glob;3,34042e-09; ;-7,15694e-18; ;7;glob
2.25;-33.5032;-22.1126;24.1618;14;-0,0374366; ;2,80299e-08; ;27;loc;2,24858e-13; ;-7,15717e-18; ;15;loc
2.25;52.7136;57.7761;78.3425;12;62,7191; ;-0,921136; ;23;glob;62,7481; ;-0,921148; ;18;glob
2.25;-19.5869;-8.19627;38.0781;14;-0,0034194; ;2,33845e-10; ;27;loc;2,56118e-13; ;-7,15717e-18; ;15;loc
2.25;-16.6915;-11.629;8.93742;12;0,0223703; ;1,00086e-08; ;23;loc;2,33406e-10; ;-7,15717e-18; ;7;loc
2.25;37.6448;-20.0202;26.2542;16;0,00676033; ;9,14042e-10; ;27;loc;2,25152e-13; ;-7,15717e-18; ;15;loc
2.25;-81.5868;-55.9579;48.1595;16;-0,0200654; ;8,05237e-09; ;31;loc;2,27654e-13; ;-7,15717e-18; ;19;loc
2.25;-16.1523;-11.0898;9.47663;12;0,0319753; ;2,04484e-08; ;23;loc;3,55435e-10; ;-7,15716e-18; ;7;loc
2.25;-17.8446;-12.7821;7.78435;12;0,0167755; ;5,62834e-09; ;23;loc;8,89561e-11; ;-7,15717e-18; ;7;loc
2.25;29.6166;-28.0484;18.226;16;0,0196601; ;7,73038e-09; ;27;loc;-4,38174e-07; ;-3,31723e-18; ;7;loc
2.25;-14.3413;-9.27884;11.2876;12;-0,0107213; ;2,29894e-09; ;23;loc;1,21123e-09; ;-7,15714e-18; ;7;loc
2.25;-30.577;-19.1863;27.0881;14;0,00616508; ;7,60165e-10; ;27;loc;2,25844e-13; ;-7,15717e-18; ;15;loc
2.25;-35.1873;-23.7967;22.4778;14;0,023286; ;1,08448e-08; ;27;loc;-8,36759e-11; ;-7,15717e-18; ;15;loc
2.25;57.0442;59.2942;68.4348;10;62,7219; ;-0,921138; ;21;glob;62,7482; ;-0,921148; ;23;glob
2.25;-0.694716;-0.694716;1.55528;6;-0,0329514; ;2,17159e-08; ;15;loc;2,77334e-13; ;-7,15717e-18; ;7;loc
2.25;-22.4559;-11.0653;35.2091;14;0,0102186; ;2,08838e-09; ;27;loc;2,261e-13; ;-7,15717e-18; ;15;loc
2.25;33.2636;-24.4014;21.873;16;0,0253965; ;1,28997e-08; ;27;loc;-3,07672e-11; ;-7,15717e-18; ;15;loc
2.25;84.6691;27.004;73.2784;16;62,7339; ;-0,921145; ;27;glob;0; ;nan; ;4;glob
2.25;22.0401;-35.6249;10.6495;16;0,0291389; ;1,69815e-08; ;27;loc;8,1293e-10; ;-7,15715e-18; ;7;loc
2.25;-81.331;-55.7021;48.4154;16;-0,0249877; ;1,24877e-08; ;31;loc;6,38506e-12; ;-7,15717e-18; ;14;loc
2.25;-42.2899;-16.661;87.4564;16;0,0290665; ;1,68973e-08; ;31;loc;-1,12202e-07; ;-6,90538e-18; ;35;loc
2.25;-0.499058;-1.49906;0.500942;6;0,0247518; ;1,2253e-08; ;13;loc;2,3916e-13; ;-7,15717e-18; ;7;loc
2.25;-65.0089;-7.34391;226.92;18;-0,000486485; ;4,73334e-12; ;33;loc;-1,78041e-09; ;-7,1571e-18; ;7;loc
2.25;83.1526;25.4876;71.762;16;62,7347; ;-0,921146; ;27;glob;0; ;nan; ;4;glob
2.25;-34.3261;-22.9355;23.3389;14;-0,0258533; ;1,33679e-08; ;27;loc;2,2485e-13; ;-7,15717e-18; ;15;loc
2.25;-69.8762;-12.2112;222.053;18;0,0278666; ;1,55309e-08; ;33;loc;-3,73652e-06; ;2,72075e-16; ;7;loc
2.25;93.5417;35.8766;82.151;16;62,731; ;-0,921144; ;27;glob;62,7487; ;-0,921148; ;21;glob
2.25;96.3779;38.7128;84.9873;16;62,7604; ;-0,921146; ;27;glob;62,7481; ;-0,921148; ;25;glob
2.25;-88.3143;-62.6854;41.432;16;-0,0324178; ;2,10182e-08; ;31;loc;-3,56189e-06; ;2,46584e-16; ;51;loc
2.25;-23.2276;-11.837;34.4374;14;-0,00285413; ;1,62921e-10; ;27;loc;1,13488e-12; ;-7,15717e-18; ;15;loc
2.25;-92.2371;-66.6082;37.5092;16;0,021751; ;9,46215e-09; ;31;loc;-4,31904e-07; ;-3,42634e-18; ;39;loc
2.25;-10.4259;-5.36342;15.203;12;0,0209229; ;8,75539e-09; ;23;loc;3,77752e-10; ;-7,15716e-18; ;7;loc
2.25;34.3931;-23.2719;23.0025;16;0,0170273; ;5,79856e-09; ;27;loc;-1,92738e-10; ;-7,15717e-18; ;15;loc
2.25;6.9536;-4.43703;4.7036;12;0,00633123; ;8,01688e-10; ;21;loc;4,86194e-12; ;-7,15717e-18; ;7;loc
2.25;46.7675;51.83;72.3964;12;62,7752; ;-0,921137; ;23;glob;62,7481; ;-0,921148; ;23;glob
2.25;-34.3832;-22.9925;23.2819;14;-0,00703938; ;9,91058e-10; ;27;loc;2,2485e-13; ;-7,15717e-18; ;14;loc
2.25;74.7136;49.0847;69.6511;14;62,7662; ;-0,921143; ;23;glob;62,7482; ;-0,921148; ;31;glob
2.25;-1.54244;-1.54244;3.52006;8;0,0223314; ;9,97384e-09; ;17;loc;7,14445e-13; ;-7,15717e-18; ;7;loc
2.25;96.9819;39.3168;85.5913;16;62,7575; ;-0,921147; ;27;glob;62,7482; ;-0,921148; ;25;glob
2.25;-51.2116;-25.5827;78.5348;16;-0,0259918; ;1,35115e-08; ;31;loc;-4,24242e-08; ;-7,12117e-18; ;19;loc
2.25;-7.51673;-5.26673;3.8739;10;0,0018248; ;6,65978e-11; ;21;loc;2,6426e-12; ;-7,15717e-18; ;7;loc
2.25;-94.8399;-37.1748;197.089;18;62,732; ;-0,921144; ;33;glob;-7,1574e-07; ;3,08852e-18; ;43;glob
2.25;-46.7267;-21.0978;83.0196;16;0,0255873; ;1,30942e-08; ;31;loc;2,25075e-13; ;-7,15717e-18; ;19;loc
2.25;-31.0235;-19.6329;26.6416;14;0,0148094; ;4,38638e-09; ;27;loc;2,25378e-13; ;-7,15717e-18; ;15;loc
2.25;-4.3419;-2.0919;7.04872;10;0,00282546; ;1,59664e-10; ;21;loc;-4,52325e-12; ;-7,15717e-18; ;7;loc
2.25;-30.1009;-18.7103;27.5641;14;0,0270565; ;1,46411e-08; ;27;loc;2,26771e-13; ;-7,15717e-18; ;15;loc
2.25;-90.7803;-65.1514;38.9661;16;-0,0209264; ;8,75832e-09; ;31;loc;-1,29745e-06; ;2,65105e-17; ;43;loc
2.25;98.374;40.709;86.9834;16;62,7841; ;-0,921129; ;27;glob;62,7482; ;-0,921148; ;26;glob
2.25;4.52124;-6.86938;2.27124;12;-0,0139127; ;3,87129e-09; ;21;loc;6,28736e-13; ;-7,15717e-18; ;7;loc
2.25;78.7883;53.1593;73.7258;14;62,7805; ;-0,921133; ;23;glob;62,7482; ;-0,921148; ;24;glob
2.25;8.28295;-17.346;3.22045;14;0,0428099; ;3,66538e-08; ;23;loc;1,01143e-12; ;-7,15717e-18; ;7;loc
2.25;-14.3075;-9.24499;11.3214;12;0,0231315; ;1,07013e-08; ;23;loc;1,23507e-09; ;-7,15714e-18; ;7;loc
2.25;89.1306;31.4656;77.74;16;62,7197; ;-0,921136; ;27;glob;62,7482; ;-0,921148; ;37;glob
2.25;28.0778;-29.5872;16.6872;16;-0,00193863; ;7,51656e-11; ;27;loc;-4,65232e-08; ;-7,11388e-18; ;7;loc
2.25;-66.655;-8.98992;225.274;18;-0,0146235; ;4,27695e-09; ;33;loc;-8,62137e-08; ;-7,00851e-18; ;7;loc
2.25;-68.4697;-10.8047;223.46;18;-0,0162064; ;5,25294e-09; ;33;loc;-8,35864e-07; ;6,81621e-18; ;7;loc
2.25;-65.5579;-7.89283;226.371;18;-0,0054519; ;5,94465e-10; ;33;loc;-1,26369e-08; ;-7,15397e-18; ;7;loc
2.25;86.7727;29.1076;75.3821;16;62,7135; ;-0,92113; ;27;glob;62,7482; ;-0,921148; ;29;glob
2.25;81.037;55.4081;75.9745;14;62,7343; ;-0,921145; ;23;glob;62,7482; ;-0,921148; ;31;glob
2.25;-57.4509;0.214114;234.478;18;62,7692; ;-0,921142; ;33;glob;0; ;nan; ;5;glob
2.25;-4.79092;-2.54092;6.59971;10;-0,00185299; ;6,86716e-11; ;21;loc;4,89321e-12; ;-7,15717e-18; ;7;loc
2.25;42.5864;-87.16;16.9575;18;0,00659894; ;8,70921e-10; ;31;loc;-5,09643e-08; ;-7,10522e-18; ;7;loc
2.25;-49.2826;-23.6537;80.4637;16;0,0122944; ;3,02306e-09; ;31;loc;2,24876e-13; ;-7,15717e-18; ;19;loc
2.25;-24.7926;-13.402;32.8725;14;0,0252147; ;1,27156e-08; ;27;loc;1,12323e-12; ;-7,15717e-18; ;15;loc
3.25;-9.31736;-6.06736;25.0108;10;0,0328519; ;2,1585e-08; ;25;loc;2,24858e-13; ;-7,15717e-18; ;15;loc
3.25;77.7245;43.3963;74.4745;12;62,7686; ;-0,921142; ;25;glob;62,7482; ;-0,921148; ;31;glob
3.25;24.7093;-86.8571;14.1468;14;-0,0202782; ;8,22408e-09; ;31;loc;4,77352e-09; ;-7,15671e-18; ;7;loc
3.25;-81.5002;-47.1721;281.091;14;0,0141938; ;4,02929e-09; ;35;loc;2,64319e-11; ;-7,15717e-18; ;7;loc
3.25;75.4016;41.0735;72.1516;12;62,754; ;-0,921148; ;25;glob;62,7482; ;-0,921148; ;30;glob
3.25;-48.7369;-14.4088;313.854;14;62,7695; ;-0,921142; ;35;glob;2,05696e-14; ;-7,15717e-18; ;7;glob
3.25;40.2221;-71.3443;29.6596;14;-0,00274609; ;1,5082e-10; ;31;loc;-2,65109e-06; ;1,33408e-16; ;19;loc
3.25;-13.5284;-10.2784;20.7998;10;0,0260524; ;1,35746e-08; ;25;loc;-2,69051e-06; ;1,37619e-16; ;7;loc
3.25;-54.5564;-20.2282;308.034;14;62,76; ;-0,921146; ;35;glob;-2,05696e-14; ;-7,15717e-18; ;7;glob
3.25;3.65039;-6.91211;3.65039;10;-0,0171448; ;5,8789e-09; ;21;loc;2,19774e-12; ;-7,15717e-18; ;7;loc
3.25;-45.5596;-11.2315;317.031;14;62,7278; ;-0,921142; ;35;glob;4,11392e-14; ;-7,15717e-18; ;7;glob
3.25;-20.9541;-17.7041;13.3741;10;0,0195391; ;7,63553e-09; ;25;loc;5,66514e-09; ;-7,15652e-18; ;7;loc
3.25;61.2668;61.2668;64.5168;6;62,7007; ;-0,921114; ;15;glob;62,7482; ;-0,921148; ;18;glob
3.25;5.21882;-5.34368;5.21882;10;0,0109218; ;2,38571e-09; ;21;loc;8,07008e-12; ;-7,15717e-18; ;7;loc
3.25;60.0485;60.0485;70.611;8;62,7625; ;-0,921145; ;21;glob;62,7482; ;-0,921148; ;15;glob
3.25;-43.5286;-9.20046;319.062;14;62,7174; ;-0,921134; ;35;glob;2,05696e-14; ;-7,15717e-18; ;7;glob
3.25;-36.8589;-26.2964;74.7075;12;0,013918; ;3,87421e-09; ;31;loc;2,31176e-13; ;-7,15717e-18; ;19;loc
3.25;-20.433;-17.183;13.8951;10;-0,0364505; ;2,65728e-08; ;25;loc;6,98745e-09; ;-7,15619e-18; ;7;loc
3.25;-63.1245;-52.562;48.4419;12;-0,00455505; ;4,1497e-10; ;31;loc;4,84278e-12; ;-7,15717e-18; ;14;loc
3.25;-99.9483;-65.6202;262.642;14;62,7485; ;-0,921148; ;35;glob;-1,89904e-09; ;-7,15709e-18; ;19;glob
3.25;2.17187;-8.39063;2.17187;10;-0,0286551; ;1,64223e-08; ;21;loc;5,25973e-13; ;-7,15717e-18; ;7;loc
3.25;-54.6066;-20.2784;307.984;14;62,7098; ;-0,921126; ;35;glob;-2,05696e-14; ;-7,15717e-18; ;7;glob
3.25;95.7267;-15.8397;85.1642;14;-0,0281808; ;1,58832e-08; ;31;loc;2,25498e-13; ;-7,15717e-18; ;19;loc
3.25;-40.442;-6.11386;322.149;14;62,742; ;-0,921148; ;35;glob;0; ;-7,15717e-18; ;7;glob
3.25;99.7834;-11.783;89.2209;14;62,7208; ;-0,921137; ;31;glob;-9,93311e-07; ;1,25762e-17; ;43;glob
3.25;-7.51069;-4.26069;26.8174;10;0,0259521; ;1,34702e-08; ;25;loc;2,24922e-13; ;-7,15717e-18; ;15;loc
3.25;45.3653;48.6153;79.6934;10;62,7117; ;-0,921128; ;25;glob;62,7482; ;-0,921148; ;25;glob
3.25;28.4784;-83.088;17.9159;14;0,0172419; ;5,94563e-09; ;31;loc;-2,14942e-07; ;-6,23317e-18; ;7;loc
3.25;-93.9889;-59.6608;268.602;14;62,741; ;-0,921148; ;35;glob;-2,98564e-06; ;1,71124e-16; ;7;glob
3.25;15.2825;-19.0456;12.0325;12;-0,00302655; ;1,832e-10; ;25;loc;2,6029e-09; ;-7,15703e-18; ;7;loc
3.25;33.4488;-78.1176;22.8863;14;-0,00874197; ;1,52844e-09; ;31;loc;-4,61821e-05; ;4,26485e-14; ;10;loc
3.25;-31.7818;-21.2193;79.7846;12;0,0313675; ;1,96784e-08; ;31;loc;2,24918e-13; ;-7,15717e-18; ;19;loc
3.25;-29.963;-19.4005;81.6034;12;0,0159879; ;5,11229e-09; ;31;loc;2,25217e-13; ;-7,15717e-18; ;19;loc
3.25;-87.7768;-53.4487;274.814;14;62,7505; ;-0,921148; ;35;glob;1,6972e-09; ;-7,15711e-18; ;7;glob
3.25;45.9606;49.2106;80.2887;10;62,73; ;-0,921143; ;25;glob;62,7482; ;-0,921148; ;25;glob
3.25;40.487;-71.0794;29.9245;14;0,00911479; ;1,66159e-09; ;31;loc;-3,64785e-06; ;2,58979e-16; ;19;loc
3.25;-33.2896;-22.7271;78.2768;12;-0,0217654; ;9,47466e-09; ;31;loc;-2,43579e-07; ;-5,97055e-18; ;19;loc
3.25;-49.8769;-15.5487;312.714;14;62,7287; ;-0,921143; ;35;glob;2,05696e-14; ;-7,15717e-18; ;7;glob
3.25;-67.6995;-57.137;43.8669;12;-0,0258552; ;1,33698e-08; ;31;loc;-2,9744e-06; ;1,69784e-16; ;59;loc
3.25;84.6935;-26.8729;74.131;14;0,00666086; ;8,87342e-10; ;31;loc;0; ;nan; ;4;loc
3.25;-66.6903;-56.1278;44.8761;12;-0,0285861; ;1,63433e-08; ;31;loc;-2,25397e-06; ;9,44507e-17; ;59;loc
3.25;41.7359;-69.8305;31.1734;14;-0,00693383; ;9,6156e-10; ;31;loc;-1,77578e-08; ;-7,15086e-18; ;27;loc
3.25;-69.741;-59.1785;41.8254;12;0,0197702; ;7,81722e-09; ;31;loc;-1,67661e-06; ;4,90635e-17; ;55;loc
3.25;22.1346;-12.1936;18.8846;12;0,00686853; ;9,43534e-10; ;25;loc;-5,85778e-07; ;-2,94437e-19; ;7;loc
3.25;-11.5455;-8.29548;22.7826;10;0,0304903; ;1,85932e-08; ;25;loc;-3,82879e-06; ;2,86035e-16; ;7;loc
3.25;33.6263;-77.9401;23.0638;14;-0,0209881; ;8,81003e-09; ;31;loc;-5,351e-05; ;5,72593e-14; ;10;loc
3.25;8.37473;-25.9534;5.12473;12;0,0137398; ;3,77566e-09; ;25;loc;5,65601e-12; ;-7,15717e-18; ;7;loc
3.25;24.5501;-87.0163;13.9876;14;0,0102515; ;2,10187e-09; ;31;loc;4,51148e-09; ;-7,15676e-18; ;7;loc
3.25;-92.1057;-57.7776;270.485;14;62,7398; ;-0,921147; ;35;glob;-4,13282e-07; ;-3,74113e-18; ;7;glob
3.25;-2.75252;-2.75252;7.80998;8;0,0348036; ;2,42258e-08; ;21;loc;5,77377e-12; ;-7,15717e-18; ;7;loc
3.25;76.1042;41.7761;72.8542;12;62,7147; ;-0,921131; ;25;glob;62,7482; ;-0,921148; ;30;glob
3.25;-82.5613;-48.2332;280.03;14;-0,0261925; ;1,3721e-08; ;35;loc;7,09342e-11; ;-7,15717e-18; ;7;loc
3.25;52.7143;55.9643;87.0424;10;62,724; ;-0,921139; ;25;glob;0; ;nan; ;5;glob
3.25;58.7155;58.7155;69.278;8;62,7498; ;-0,921148; ;21;glob;62,7482; ;-0,921148; ;23;glob
3.25;52.3328;55.5828;86.6609;10;62,7547; ;-0,921148; ;25;glob;0; ;nan; ;5;glob
3.25;-47.6466;-13.3184;314.944;14;62,7606; ;-0,921146; ;35;glob;2,05696e-14; ;-7,15717e-18; ;7;glob
3.25;-96.098;-61.7698;266.493;14;62,7517; ;-0,921148; ;35;glob;-2,55704e-12; ;-7,15717e-18; ;19;glob
3.25;16.9493;-17.3788;13.6993;12;0,0150374; ;4,52245e-09; ;25;loc;6,51423e-09; ;-7,15632e-18; ;7;loc
3.25;-47.6835;-13.3554;314.907;14;62,7237; ;-0,921139; ;35;glob;0; ;-7,15717e-18; ;7;glob
3.25;-55.8998;-21.5717;306.691;14;62,7512; ;-0,921148; ;35;glob;4,11392e-14; ;-7,15717e-18; ;7;glob
3.25;82.5487;48.2206;79.2987;12;62,7292; ;-0,921143; ;25;glob;62,7482; ;-0,921148; ;26;glob
3.25;-44.4245;-10.0964;318.166;14;62,7636; ;-0,921145; ;35;glob;0; ;-7,15717e-18; ;7;glob
3.25;-96.1521;-61.824;266.439;14;62,7761; ;-0,921137; ;35;glob;-2,84792e-12; ;-7,15717e-18; ;19;glob
3.25;18.2245;-16.1036;14.9745;12;-0,028702; ;1,64761e-08; ;25;loc;7,14776e-09; ;-7,15614e-18; ;7;loc
3.25;-42.8481;-8.51998;319.743;14;62,7698; ;-0,921141; ;35;glob;-2,05696e-14; ;-7,15717e-18; ;7;glob
3.25;-13.8539;-10.6039;20.4742;10;0,030274; ;1,83303e-08; ;25;loc;-2,17362e-06; ;8,73351e-17; ;7;loc
3.25;-24.1623;-13.5998;87.4041;12;-0,0018799; ;7,06804e-11; ;31;loc;-1,40567e-06; ;3,23609e-17; ;35;loc
3.25;-71.0393;-60.4768;40.5271;12;-0,0135658; ;3,68062e-09; ;31;loc;-3,21884e-06; ;2,00062e-16; ;47;loc
3.25;22.6547;-88.9117;12.0922;14;0,0122077; ;2,98058e-09; ;31;loc;1,4552e-09; ;-7,15712e-18; ;7;loc
3.25;82.3981;48.07;79.1481;12;62,7435; ;-0,921148; ;25;glob;62,7482; ;-0,921148; ;26;glob
3.25;72.4999;38.1717;69.2499;12;62,7375; ;-0,921147; ;25;glob;0; ;nan; ;5;glob
3.25;25.986;-85.5804;15.4235;14;-0,00853991; ;1,4586e-09; ;31;loc;2,91633e-09; ;-7,157e-18; ;7;loc
3.25;60.6556;60.6556;71.2181;8;62,7828; ;-0,92113; ;21;glob;62,7482; ;-0,921148; ;23;glob
3.25;41.2892;-70.2772;30.7267;14;-0,0108648; ;2,36086e-09; ;31;loc;-2,78216e-08; ;-7,14169e-18; ;23;loc
3.25;97.8025;-13.7639;87.24;14;0,0237426; ;1,12742e-08; ;31;loc;-1,06712e-06; ;1,56179e-17; ;35;loc
3.25;-71.5854;-61.0229;39.981;12;0,00952542; ;1,81467e-09; ;31;loc;-1,37505e-06; ;3,06581e-17; ;47;loc
3.25;33.0918;-78.4746;22.5293;14;0,0136911; ;3,74891e-09; ;31;loc;-3,42005e-05; ;2,33863e-14; ;10;loc
3.25;60.9084;60.9084;71.4709;8;62,7421; ;-0,921148; ;21;glob;62,7481; ;-0,921148; ;23;glob
3.25;-82.3391;-48.011;280.252;14;0,0389397; ;3,0326e-08; ;35;loc;5,79445e-11; ;-7,15717e-18; ;7;loc
3.25;-88.4264;-54.0983;274.164;14;62,729; ;-0,921143; ;35;glob;3,33063e-10; ;-7,15716e-18; ;7;glob
3.25;90.3908;-21.1756;79.8283;14;0,0118364; ;2,80202e-09; ;31;loc;2,24922e-13; ;-7,15717e-18; ;19;loc
3.25;80.0075;45.6794;76.7575;12;62,7435; ;-0,921148; ;25;glob;62,7482; ;-0,921148; ;25;glob
3.25;-81.11;-46.7818;281.481;14;0,0118768; ;2,82116e-09; ;35;loc;1,81527e-11; ;-7,15717e-18; ;7;loc
3.25;-77.4223;-43.0942;285.168;14;0,00940413; ;1,76875e-09; ;35;loc;3,80537e-13; ;-7,15717e-18; ;7;loc
3.25;-27.3148;-16.7523;84.2516;12;0,00788429; ;1,24324e-09; ;31;loc;2,25773e-13; ;-7,15717e-18; ;19;loc
3.25;40.8539;-70.7126;30.2914;14;-0,00349672; ;2,44541e-10; ;31;loc;-5,63699e-06; ;6,28356e-16; ;19;loc
3.25;45.2549;48.5049;79.583;10;62,7662; ;-0,921143; ;25;glob;62,7482; ;-0,921148; ;25;glob
3.25;33.0823;-78.4841;22.5198;14;0,00418026; ;3,49492e-10; ;31;loc;-3,39254e-05; ;2,30114e-14; ;10;loc
3.25;-74.6888;-40.3607;287.902;14;-0,00498993; ;4,97988e-10; ;35;loc;-1,02848e-14; ;-7,15717e-18; ;7;loc
3.25;-0.524263;-0.524263;2.72574;6;-0,0463218; ;4,29141e-08; ;15;loc;-1,93449e-14; ;-7,15717e-18; ;7;loc
3.25;-90.5089;-56.1808;272.082;14;62,7663; ;-0,921143; ;35;glob;-5,75632e-08; ;-7,0909e-18; ;7;glob
3.25;28.7846;-82.7818;18.2221;14;0,00727159; ;1,05752e-09; ;31;loc;-3,19487e-07; ;-5,11573e-18; ;7;loc
3.25;3.38782;-7.17468;3.38782;10;0,0136928; ;3,74985e-09; ;21;loc;1,72513e-12; ;-7,15717e-18; ;7;loc
3.25;-32.3296;-21.7671;79.2368;12;-0,0104947; ;2,20277e-09; ;31;loc;2,24877e-13; ;-7,15717e-18; ;18;loc
3.25;-22.4105;-19.1605;11.9177;10;-0,0354615; ;2,51504e-08; ;25;loc;2,4091e-09; ;-7,15705e-18; ;7;loc
3.25;56.4892;56.4892;67.0517;8;62,7241; ;-0,92114; ;21;glob;62,7482; ;-0,921148; ;23;glob
3.25;65.9649;55.4024;65.9649;10;62,7375; ;-0,921147; ;21;glob;62,7482; ;-0,921148; ;23;glob
3.25;-71.9327;-61.3702;39.6337;12;-0,0215481; ;9,28644e-09; ;31;loc;-3,49631e-06; ;2,37327e-16; ;43;loc
3.25;-87.5949;-53.2668;274.996;14;62,7754; ;-0,921137; ;35;glob;1,78431e-09; ;-7,1571e-18; ;7;glob
3.25;-31.8852;-21.3227;79.6812;12;-0,0088382; ;1,56228e-09; ;31;loc;2,24909e-13; ;-7,15717e-18; ;19;loc
