t,Volume_A,Volume_B,Temperature_B
0,5,1,10
1,4.98991,1.01007,10.8939
2,4.97982,1.02008,11.7608
3,4.96975,1.03002,12.6018
4,4.95969,1.03991,13.4178
5,4.94964,1.04974,14.21
6,4.93959,1.05952,14.9792
7,4.92956,1.06923,15.7264
8,4.91954,1.07889,16.4524
9,4.90953,1.08849,17.1581
10,4.89953,1.09804,17.8442
11,4.88954,1.10753,18.5114
12,4.87956,1.11696,19.1604
13,4.86959,1.12634,19.792
14,4.85963,1.13567,20.4067
15,4.84967,1.14494,21.0051
16,4.83973,1.15416,21.5879
17,4.8298,1.16332,22.1556
18,4.81989,1.17243,22.7087
19,4.80998,1.18149,23.2476
20,4.80008,1.1905,23.773
21,4.79019,1.19946,24.2852
22,4.78031,1.20837,24.7847
23,4.77044,1.21722,25.2719
24,4.76058,1.22603,25.7473
25,4.75073,1.23479,26.2111
26,4.74089,1.24349,26.6638
27,4.73107,1.25215,27.1057
28,4.72125,1.26076,27.5372
29,4.71144,1.26932,27.9585
30,4.70164,1.27783,28.3701
31,4.69186,1.28629,28.7722
32,4.68208,1.29471,29.1651
33,4.67231,1.30308,29.549
34,4.66256,1.3114,29.9243
35,4.65281,1.31968,30.2912
36,4.64307,1.32791,30.6499
37,4.63335,1.3361,31.0007
38,4.62363,1.34424,31.3438
39,4.61393,1.35233,31.6795
40,4.60423,1.36038,32.0078
41,4.59455,1.36838,32.3292
42,4.58487,1.37634,32.6436
43,4.57521,1.38426,32.9514
44,4.56555,1.39213,33.2528
45,4.55591,1.39996,33.5478
46,4.54627,1.40775,33.8367
47,4.53665,1.41549,34.1196
48,4.52704,1.42319,34.3967
49,4.51743,1.43085,34.6681
50,4.50784,1.43846,34.9341
51,4.49826,1.44604,35.1946
52,4.48868,1.45357,35.45
53,4.47912,1.46106,35.7002
54,4.46957,1.46851,35.9455
55,4.46003,1.47592,36.186
56,4.45049,1.48329,36.4217
57,4.44097,1.49061,36.6529
58,4.43146,1.4979,36.8795
59,4.42196,1.50515,37.1018
60,4.41247,1.51236,37.3198
61,4.40298,1.51953,37.5337
62,4.39351,1.52666,37.7434
63,4.38405,1.53375,37.9493
64,4.3746,1.5408,38.1512
65,4.36516,1.54781,38.3494
66,4.35573,1.55479,38.5439
67,4.34631,1.56173,38.7347
68,4.3369,1.56862,38.9221
69,4.3275,1.57549,39.106
70,4.31811,1.58231,39.2865
71,4.30873,1.5891,39.4638
72,4.29936,1.59585,39.6378
73,4.29001,1.60256,39.8087
74,4.28066,1.60924,39.9765
75,4.27132,1.61588,40.1413
76,4.26199,1.62248,40.3032
77,4.25267,1.62905,40.4622
78,4.24336,1.63558,40.6184
79,4.23407,1.64207,40.7719
80,4.22478,1.64853,40.9226
81,4.2155,1.65496,41.0707
82,4.20624,1.66135,41.2163
83,4.19698,1.66771,41.3593
84,4.18773,1.67403,41.4998
85,4.1785,1.68031,41.6379
86,4.16927,1.68656,41.7737
87,4.16005,1.69278,41.9071
88,4.15085,1.69896,42.0382
89,4.14165,1.70511,42.1671
90,4.13247,1.71123,42.2939
91,4.12329,1.71731,42.4185
92,4.11413,1.72336,42.541
93,4.10497,1.72938,42.6614
94,4.09583,1.73536,42.7798
95,4.08669,1.74131,42.8963
96,4.07757,1.74723,43.0108
97,4.06845,1.75311,43.1234
98,4.05935,1.75896,43.2341
99,4.05025,1.76478,43.343
100,4.04117,1.77057,43.4502
101,4.0321,1.77633,43.5555
102,4.02304,1.78205,43.6591
103,4.01398,1.78775,43.7611
104,4.00494,1.79341,43.8614
105,3.99591,1.79904,43.96
106,3.98688,1.80464,44.0571
107,3.97787,1.8102,44.1525
108,3.96887,1.81574,44.2465
109,3.95988,1.82125,44.3389
110,3.9509,1.82672,44.4298
111,3.94193,1.83217,44.5193
112,3.93296,1.83759,44.6073
113,3.92401,1.84297,44.6939
114,3.91507,1.84833,44.7792
115,3.90614,1.85365,44.8631
116,3.89722,1.85895,44.9456
117,3.88831,1.86421,45.0268
118,3.87941,1.86945,45.1068
119,3.87052,1.87466,45.1854
120,3.86164,1.87984,45.2629
121,3.85277,1.88499,45.3391
122,3.84391,1.89011,45.4141
123,3.83506,1.8952,45.4879
124,3.82623,1.90026,45.5605
125,3.8174,1.90529,45.632
126,3.80858,1.9103,45.7024
127,3.79977,1.91528,45.7717
128,3.79097,1.92023,45.8399
129,3.78219,1.92515,45.907
130,3.77341,1.93004,45.9731
131,3.76464,1.93491,46.0381
132,3.75588,1.93975,46.1021
133,3.74714,1.94456,46.1651
134,3.7384,1.94934,46.2271
135,3.72967,1.9541,46.2882
136,3.72096,1.95883,46.3482
137,3.71225,1.96353,46.4074
138,3.70355,1.96821,46.4656
139,3.69487,1.97285,46.5229
140,3.68619,1.97747,46.5793
141,3.67753,1.98207,46.6349
142,3.66887,1.98664,46.6895
143,3.66023,1.99118,46.7434
144,3.65159,1.9957,46.7963
145,3.64297,2.00019,46.8485
146,3.63435,2.00465,46.8998
147,3.62575,2.00909,46.9503
148,3.61715,2.0135,47
149,3.60857,2.01789,47.049
150,3.6,2.02225,47.0971
151,3.59143,2.02658,47.1445
152,3.58288,2.03089,47.1912
153,3.57434,2.03518,47.2371
154,3.5658,2.03944,47.2823
155,3.55728,2.04367,47.3268
156,3.54877,2.04788,47.3706
157,3.54027,2.05206,47.4137
158,3.53177,2.05622,47.4561
159,3.52329,2.06036,47.4979
160,3.51482,2.06447,47.5389
161,3.50636,2.06856,47.5794
162,3.49791,2.07262,47.6191
163,3.48947,2.07666,47.6583
164,3.48104,2.08067,47.6968
165,3.47262,2.08466,47.7347
166,3.46421,2.08862,47.7719
167,3.4558,2.09256,47.8086
168,3.44741,2.09648,47.8447
169,3.43903,2.10038,47.8802
170,3.43067,2.10425,47.9151
171,3.42231,2.10809,47.9494
172,3.41396,2.11192,47.9832
173,3.40562,2.11572,48.0165
174,3.39729,2.11949,48.0491
175,3.38897,2.12325,48.0813
176,3.38066,2.12698,48.1129
177,3.37236,2.13069,48.144
178,3.36407,2.13437,48.1746
179,3.3558,2.13803,48.2046
180,3.34753,2.14167,48.2342
181,3.33927,2.14529,48.2632
182,3.33102,2.14888,48.2918
183,3.32279,2.15246,48.3199
184,3.31456,2.15601,48.3475
185,3.30634,2.15953,48.3746
186,3.29814,2.16304,48.4012
187,3.28994,2.16652,48.4274
188,3.28175,2.16998,48.4532
189,3.27358,2.17342,48.4785
190,3.26541,2.17684,48.5033
191,3.25726,2.18024,48.5277
192,3.24911,2.18361,48.5517
193,3.24098,2.18696,48.5752
194,3.23285,2.19029,48.5984
195,3.22474,2.1936,48.6211
196,3.21663,2.19689,48.6434
197,3.20854,2.20016,48.6653
198,3.20045,2.2034,48.6867
199,3.19238,2.20663,48.7078
200,3.18432,2.20983,48.7285
201,3.17626,2.21302,48.7488
202,3.16822,2.21618,48.7688
203,3.16019,2.21932,48.7883
204,3.15216,2.22244,48.8075
205,3.14415,2.22554,48.8263
206,3.13615,2.22862,48.8447
207,3.12815,2.23168,48.8628
208,3.12017,2.23471,48.8805
209,3.1122,2.23773,48.8979
210,3.10424,2.24073,48.9149
211,3.09629,2.24371,48.9316
212,3.08835,2.24667,48.9479
213,3.08041,2.2496,48.9639
214,3.07249,2.25252,48.9796
215,3.06458,2.25542,48.995
216,3.05668,2.2583,49.01
217,3.04879,2.26115,49.0247
218,3.04091,2.26399,49.039
219,3.03304,2.26681,49.0531
220,3.02518,2.26961,49.0668
221,3.01733,2.27239,49.0803
222,3.00949,2.27515,49.0934
223,3.00166,2.27789,49.1062
224,2.99384,2.28061,49.1188
225,2.98603,2.28332,49.131
226,2.97824,2.286,49.143
227,2.97045,2.28866,49.1546
228,2.96267,2.29131,49.166
229,2.9549,2.29394,49.1771
230,2.94714,2.29654,49.1879
231,2.9394,2.29913,49.1985
232,2.93166,2.3017,49.2088
233,2.92393,2.30426,49.2187
234,2.91621,2.30679,49.2285
235,2.90851,2.3093,49.238
236,2.90081,2.3118,49.2472
237,2.89312,2.31428,49.2561
238,2.88545,2.31674,49.2648
239,2.87778,2.31918,49.2732
240,2.87013,2.3216,49.2814
241,2.86248,2.32401,49.2894
242,2.85484,2.32639,49.297
243,2.84722,2.32876,49.3045
244,2.8396,2.33111,49.3117
245,2.832,2.33345,49.3187
246,2.8244,2.33576,49.3254
247,2.81682,2.33806,49.3319
248,2.80925,2.34034,49.3382
249,2.80168,2.3426,49.3442
250,2.79413,2.34485,49.35
251,2.78658,2.34707,49.3556
252,2.77905,2.34928,49.361
253,2.77153,2.35148,49.3661
254,2.76401,2.35365,49.371
255,2.75651,2.35581,49.3757
256,2.74902,2.35795,49.3802
257,2.74154,2.36007,49.3845
258,2.73406,2.36218,49.3886
259,2.7266,2.36427,49.3924
260,2.71915,2.36634,49.3961
261,2.71171,2.3684,49.3996
262,2.70428,2.37044,49.4028
263,2.69685,2.37246,49.4059
264,2.68944,2.37446,49.4087
265,2.68204,2.37645,49.4114
266,2.67465,2.37842,49.4138
267,2.66727,2.38038,49.4161
268,2.6599,2.38232,49.4182
269,2.65254,2.38424,49.42
270,2.64519,2.38614,49.4217
271,2.63785,2.38803,49.4233
272,2.63052,2.38991,49.4246
273,2.6232,2.39176,49.4257
274,2.61589,2.39361,49.4267
275,2.60859,2.39543,49.4275
276,2.6013,2.39724,49.4281
277,2.59403,2.39903,49.4285
278,2.58676,2.40081,49.4287
279,2.5795,2.40257,49.4288
280,2.57225,2.40431,49.4287
281,2.56501,2.40604,49.4285
282,2.55779,2.40776,49.428
283,2.55057,2.40945,49.4274
284,2.54336,2.41114,49.4267
285,2.53616,2.4128,49.4257
286,2.52898,2.41445,49.4246
287,2.5218,2.41609,49.4234
288,2.51463,2.41771,49.4219
289,2.50748,2.41931,49.4204
290,2.50033,2.4209,49.4186
291,2.4932,2.42248,49.4167
292,2.48607,2.42404,49.4147
293,2.47895,2.42558,49.4125
294,2.47185,2.42711,49.4101
295,2.46475,2.42862,49.4076
296,2.45767,2.43012,49.405
297,2.4506,2.4316,49.4021
298,2.44353,2.43307,49.3992
299,2.43648,2.43453,49.3961
300,2.42943,2.43597,49.3928
301,2.4224,2.43739,49.3894
302,2.41537,2.4388,49.3859
303,2.40836,2.44019,49.3822
304,2.40136,2.44157,49.3784
305,2.39436,2.44294,49.3744
306,2.38738,2.44429,49.3703
307,2.38041,2.44563,49.3661
308,2.37345,2.44695,49.3617
309,2.36649,2.44826,49.3572
310,2.35955,2.44955,49.3525
311,2.35262,2.45083,49.3478
312,2.3457,2.45209,49.3428
313,2.33879,2.45334,49.3378
314,2.33189,2.45458,49.3326
315,2.32499,2.4558,49.3273
316,2.31811,2.45701,49.3219
317,2.31124,2.4582,49.3163
318,2.30438,2.45938,49.3106
319,2.29753,2.46055,49.3048
320,2.29069,2.4617,49.2988
321,2.28386,2.46284,49.2928
322,2.27704,2.46396,49.2866
323,2.27023,2.46507,49.2802
324,2.26343,2.46617,49.2738
325,2.25664,2.46725,49.2672
326,2.24987,2.46832,49.2606
327,2.2431,2.46938,49.2538
328,2.23634,2.47042,49.2468
329,2.22959,2.47145,49.2398
330,2.22285,2.47247,49.2326
331,2.21612,2.47347,49.2254
332,2.20941,2.47446,49.218
333,2.2027,2.47543,49.2105
334,2.196,2.4764,49.2029
335,2.18931,2.47735,49.1951
336,2.18264,2.47828,49.1873
337,2.17597,2.47921,49.1793
338,2.16931,2.48011,49.1713
339,2.16267,2.48101,49.1631
340,2.15603,2.48189,49.1548
341,2.14941,2.48277,49.1464
342,2.14279,2.48362,49.1379
343,2.13618,2.48447,49.1293
344,2.12959,2.4853,49.1206
345,2.123,2.48612,49.1117
346,2.11643,2.48693,49.1028
347,2.10986,2.48772,49.0938
348,2.10331,2.4885,49.0846
349,2.09676,2.48927,49.0754
350,2.09023,2.49002,49.0661
351,2.08371,2.49077,49.0566
352,2.07719,2.4915,49.0471
353,2.07069,2.49221,49.0374
354,2.0642,2.49292,49.0277
355,2.05771,2.49361,49.0178
356,2.05124,2.49429,49.0079
357,2.04478,2.49496,48.9978
358,2.03832,2.49562,48.9877
359,2.03188,2.49626,48.9774
360,2.02545,2.49689,48.9671
361,2.01903,2.49751,48.9566
362,2.01262,2.49812,48.9461
363,2.00621,2.49872,48.9355
364,1.99982,2.4993,48.9247
365,1.99344,2.49987,48.9139
366,1.98707,2.50043,48.903
367,1.98071,2.50098,48.892
368,1.97436,2.50151,48.8809
369,1.96802,2.50204,48.8697
370,1.96169,2.50255,48.8584
371,1.95537,2.50305,48.847
372,1.94906,2.50354,48.8356
373,1.94276,2.50401,48.824
374,1.93647,2.50448,48.8124
375,1.93019,2.50493,48.8006
376,1.92392,2.50537,48.7888
377,1.91766,2.5058,48.7769
378,1.91141,2.50622,48.7649
379,1.90517,2.50663,48.7528
380,1.89895,2.50702,48.7406
381,1.89273,2.50741,48.7283
382,1.88652,2.50778,48.716
383,1.88032,2.50814,48.7036
384,1.87413,2.50849,48.691
385,1.86796,2.50883,48.6784
386,1.86179,2.50916,48.6657
387,1.85563,2.50947,48.6529
388,1.84949,2.50978,48.6401
389,1.84335,2.51007,48.6271
390,1.83722,2.51035,48.6141
391,1.83111,2.51062,48.601
392,1.825,2.51088,48.5878
393,1.81891,2.51113,48.5745
394,1.81282,2.51137,48.5612
395,1.80675,2.5116,48.5477
396,1.80068,2.51182,48.5342
397,1.79463,2.51202,48.5206
398,1.78858,2.51222,48.5069
399,1.78255,2.5124,48.4932
400,1.77652,2.51258,48.4793
401,1.77051,2.51274,48.4654
402,1.7645,2.51289,48.4514
403,1.75851,2.51303,48.4374
404,1.75253,2.51316,48.4232
405,1.74655,2.51328,48.409
406,1.74059,2.51339,48.3947
407,1.73464,2.51349,48.3803
408,1.72869,2.51358,48.3658
409,1.72276,2.51366,48.3513
410,1.71684,2.51373,48.3367
411,1.71093,2.51378,48.322
412,1.70502,2.51383,48.3072
413,1.69913,2.51387,48.2924
414,1.69325,2.51389,48.2774
415,1.68738,2.51391,48.2625
416,1.68152,2.51392,48.2474
417,1.67567,2.51391,48.2322
418,1.66983,2.5139,48.217
419,1.664,2.51387,48.2017
420,1.65818,2.51384,48.1864
421,1.65237,2.51379,48.171
422,1.64657,2.51374,48.1554
423,1.64078,2.51367,48.1399
424,1.635,2.5136,48.1242
425,1.62923,2.51351,48.1085
426,1.62347,2.51342,48.0927
427,1.61772,2.51331,48.0768
428,1.61198,2.5132,48.0609
429,1.60625,2.51308,48.0449
430,1.60053,2.51294,48.0288
431,1.59482,2.5128,48.0127
432,1.58913,2.51264,47.9964
433,1.58344,2.51248,47.9802
434,1.57776,2.51231,47.9638
435,1.57209,2.51213,47.9474
436,1.56644,2.51193,47.9309
437,1.56079,2.51173,47.9143
438,1.55515,2.51152,47.8977
439,1.54953,2.5113,47.881
440,1.54391,2.51107,47.8642
441,1.5383,2.51083,47.8474
442,1.53271,2.51058,47.8304
443,1.52712,2.51032,47.8135
444,1.52155,2.51005,47.7964
445,1.51598,2.50978,47.7793
446,1.51042,2.50949,47.7621
447,1.50488,2.5092,47.7449
448,1.49935,2.50889,47.7276
449,1.49382,2.50858,47.7102
450,1.48831,2.50825,47.6927
451,1.4828,2.50792,47.6752
452,1.47731,2.50758,47.6577
453,1.47182,2.50723,47.64
454,1.46635,2.50687,47.6223
455,1.46089,2.5065,47.6045
456,1.45543,2.50612,47.5867
457,1.44999,2.50573,47.5688
458,1.44456,2.50534,47.5508
459,1.43913,2.50493,47.5328
460,1.43372,2.50452,47.5147
461,1.42832,2.5041,47.4965
462,1.42293,2.50366,47.4783
463,1.41755,2.50322,47.46
464,1.41217,2.50277,47.4416
465,1.40681,2.50232,47.4232
466,1.40146,2.50185,47.4047
467,1.39612,2.50137,47.3862
468,1.39079,2.50089,47.3676
469,1.38547,2.5004,47.3489
470,1.38016,2.4999,47.3302
471,1.37486,2.49939,47.3114
472,1.36957,2.49887,47.2925
473,1.36429,2.49834,47.2736
474,1.35902,2.49781,47.2546
475,1.35376,2.49726,47.2355
476,1.34851,2.49671,47.2164
477,1.34327,2.49615,47.1973
478,1.33804,2.49558,47.178
479,1.33282,2.495,47.1587
480,1.32761,2.49442,47.1394
481,1.32241,2.49382,47.1199
482,1.31723,2.49322,47.1005
483,1.31205,2.49261,47.0809
484,1.30688,2.49199,47.0613
485,1.30172,2.49136,47.0416
486,1.29658,2.49073,47.0219
487,1.29144,2.49008,47.0021
488,1.28631,2.48943,46.9823
489,1.28119,2.48877,46.9624
490,1.27609,2.4881,46.9424
491,1.27099,2.48742,46.9224
492,1.26591,2.48674,46.9023
493,1.26083,2.48605,46.8821
494,1.25576,2.48535,46.8619
495,1.25071,2.48464,46.8416
496,1.24566,2.48392,46.8213
497,1.24063,2.4832,46.8009
498,1.2356,2.48247,46.7804
499,1.23059,2.48173,46.7599
500,1.22558,2.48098,46.7394
501,1.22059,2.48022,46.7187
502,1.2156,2.47946,46.698
503,1.21063,2.47869,46.6773
504,1.20567,2.47791,46.6565
505,1.20071,2.47712,46.6356
506,1.19577,2.47633,46.6147
507,1.19084,2.47553,46.5937
508,1.18591,2.47472,46.5727
509,1.181,2.4739,46.5516
510,1.1761,2.47308,46.5304
511,1.17121,2.47225,46.5092
512,1.16632,2.47141,46.4879
513,1.16145,2.47056,46.4665
514,1.15659,2.4697,46.4452
515,1.15174,2.46884,46.4237
516,1.1469,2.46797,46.4022
517,1.14207,2.46709,46.3806
518,1.13724,2.46621,46.359
519,1.13243,2.46532,46.3373
520,1.12763,2.46442,46.3155
521,1.12284,2.46351,46.2937
522,1.11806,2.4626,46.2719
523,1.11329,2.46168,46.25
524,1.10853,2.46075,46.228
525,1.10378,2.45981,46.2059
526,1.09904,2.45887,46.1839
527,1.09431,2.45792,46.1617
528,1.08959,2.45696,46.1395
529,1.08489,2.456,46.1172
530,1.08019,2.45503,46.0949
531,1.0755,2.45405,46.0725
532,1.07082,2.45306,46.0501
533,1.06615,2.45207,46.0276
534,1.06149,2.45107,46.005
535,1.05685,2.45007,45.9824
536,1.05221,2.44905,45.9598
537,1.04758,2.44803,45.937
538,1.04296,2.447,45.9142
539,1.03836,2.44597,45.8914
540,1.03376,2.44493,45.8685
541,1.02917,2.44388,45.8456
542,1.0246,2.44283,45.8225
543,1.02003,2.44176,45.7995
544,1.01548,2.4407,45.7764
545,1.01093,2.43962,45.7532
546,1.00639,2.43854,45.7299
547,1.00187,2.43745,45.7066
548,0.997354,2.43635,45.6833
549,0.992849,2.43525,45.6599
550,0.988354,2.43414,45.6364
551,0.983869,2.43303,45.6129
552,0.979395,2.43191,45.5893
553,0.974931,2.43078,45.5657
554,0.970477,2.42964,45.542
555,0.966033,2.4285,45.5182
556,0.9616,2.42735,45.4944
557,0.957176,2.4262,45.4706
558,0.952763,2.42504,45.4467
559,0.94836,2.42387,45.4227
560,0.943967,2.42269,45.3986
561,0.939585,2.42151,45.3746
562,0.935212,2.42033,45.3504
563,0.93085,2.41913,45.3262
564,0.926498,2.41793,45.302
565,0.922156,2.41673,45.2776
566,0.917825,2.41552,45.2533
567,0.913503,2.4143,45.2288
568,0.909192,2.41307,45.2044
569,0.904891,2.41184,45.1798
570,0.9006,2.4106,45.1552
571,0.89632,2.40936,45.1306
572,0.892049,2.40811,45.1059
573,0.887789,2.40686,45.0811
574,0.883539,2.40559,45.0563
575,0.879299,2.40433,45.0314
576,0.87507,2.40305,45.0065
577,0.87085,2.40177,44.9815
578,0.866641,2.40048,44.9564
579,0.862442,2.39919,44.9313
580,0.858253,2.39789,44.9062
581,0.854074,2.39659,44.8809
582,0.849906,2.39528,44.8557
583,0.845748,2.39396,44.8303
584,0.8416,2.39264,44.8049
585,0.837462,2.39131,44.7795
586,0.833334,2.38998,44.754
587,0.829217,2.38864,44.7284
588,0.82511,2.38729,44.7028
589,0.821012,2.38594,44.6772
590,0.816926,2.38458,44.6514
591,0.812849,2.38322,44.6257
592,0.808782,2.38185,44.5998
593,0.804726,2.38048,44.5739
594,0.80068,2.3791,44.548
595,0.796644,2.37771,44.522
596,0.792619,2.37632,44.4959
597,0.788603,2.37492,44.4698
598,0.784598,2.37352,44.4436
599,0.780603,2.37211,44.4174
600,0.776618,2.37069,44.3911
601,0.772643,2.36927,44.3647
602,0.768679,2.36785,44.3383
603,0.764724,2.36642,44.3119
604,0.76078,2.36498,44.2853
605,0.756846,2.36354,44.2588
606,0.752923,2.36209,44.2321
607,0.749009,2.36064,44.2054
608,0.745106,2.35918,44.1787
609,0.741213,2.35771,44.1519
610,0.73733,2.35624,44.125
611,0.733457,2.35477,44.0981
612,0.729595,2.35329,44.0711
613,0.725742,2.3518,44.0441
614,0.7219,2.35031,44.017
615,0.718068,2.34882,43.9899
616,0.714246,2.34732,43.9627
617,0.710435,2.34581,43.9354
618,0.706634,2.3443,43.9081
619,0.702842,2.34278,43.8807
620,0.699061,2.34126,43.8533
621,0.695291,2.33973,43.8258
622,0.69153,2.33819,43.7983
623,0.68778,2.33666,43.7707
624,0.68404,2.33511,43.743
625,0.68031,2.33356,43.7153
626,0.67659,2.33201,43.6875
627,0.67288,2.33045,43.6597
628,0.669181,2.32889,43.6318
629,0.665492,2.32732,43.6038
630,0.661813,2.32575,43.5758
631,0.658144,2.32417,43.5478
632,0.654485,2.32258,43.5196
633,0.650837,2.32099,43.4915
634,0.647199,2.3194,43.4632
635,0.643571,2.3178,43.4349
636,0.639953,2.3162,43.4066
637,0.636346,2.31459,43.3782
638,0.632748,2.31297,43.3497
639,0.629161,2.31136,43.3212
640,0.625584,2.30973,43.2926
641,0.622017,2.3081,43.2639
642,0.618461,2.30647,43.2352
643,0.614914,2.30483,43.2065
644,0.611378,2.30319,43.1777
645,0.607852,2.30154,43.1488
646,0.604336,2.29989,43.1198
647,0.60083,2.29823,43.0909
648,0.597335,2.29657,43.0618
649,0.59385,2.2949,43.0327
650,0.590375,2.29323,43.0035
651,0.58691,2.29156,42.9743
652,0.583455,2.28988,42.945
653,0.580011,2.28819,42.9157
654,0.576577,2.2865,42.8863
655,0.573153,2.28481,42.8568
656,0.569739,2.28311,42.8273
657,0.566335,2.28141,42.7977
658,0.562942,2.2797,42.768
659,0.559558,2.27799,42.7383
660,0.556185,2.27627,42.7086
661,0.552822,2.27455,42.6788
662,0.54947,2.27282,42.6489
663,0.546127,2.27109,42.6189
664,0.542795,2.26935,42.5889
665,0.539473,2.26762,42.5589
666,0.536161,2.26587,42.5288
667,0.532859,2.26412,42.4986
668,0.529568,2.26237,42.4684
669,0.526287,2.26061,42.4381
670,0.523016,2.25885,42.4077
671,0.519755,2.25709,42.3773
672,0.516504,2.25532,42.3468
673,0.513264,2.25354,42.3163
674,0.510033,2.25176,42.2857
675,0.506813,2.24998,42.255
676,0.503603,2.24819,42.2243
677,0.500404,2.2464,42.1935
678,0.497214,2.24461,42.1627
679,0.494035,2.24281,42.1318
680,0.490866,2.241,42.1008
681,0.487707,2.2392,42.0698
682,0.484558,2.23738,42.0387
683,0.48142,2.23557,42.0076
684,0.478291,2.23375,41.9763
685,0.475173,2.23192,41.9451
686,0.472065,2.23009,41.9137
687,0.468967,2.22826,41.8824
688,0.46588,2.22642,41.8509
689,0.462803,2.22458,41.8194
690,0.459735,2.22274,41.7878
691,0.456678,2.22089,41.7562
692,0.453632,2.21904,41.7245
693,0.450595,2.21718,41.6927
694,0.447569,2.21532,41.6609
695,0.444553,2.21346,41.629
696,0.441547,2.21159,41.5971
697,0.438551,2.20971,41.5651
698,0.435565,2.20784,41.533
699,0.43259,2.20596,41.5009
700,0.429625,2.20407,41.4687
701,0.42667,2.20219,41.4364
702,0.423725,2.20029,41.4041
703,0.420791,2.1984,41.3717
704,0.417866,2.1965,41.3393
705,0.414952,2.1946,41.3067
706,0.412048,2.19269,41.2742
707,0.409154,2.19078,41.2415
708,0.406271,2.18886,41.2088
709,0.403397,2.18695,41.1761
710,0.400534,2.18502,41.1432
711,0.397681,2.1831,41.1104
712,0.394838,2.18117,41.0774
713,0.392006,2.17924,41.0444
714,0.389183,2.1773,41.0113
715,0.386371,2.17536,40.9782
716,0.383569,2.17342,40.945
717,0.380777,2.17147,40.9117
718,0.377996,2.16952,40.8783
719,0.375224,2.16756,40.8449
720,0.372463,2.1656,40.8115
721,0.369712,2.16364,40.7779
722,0.366971,2.16168,40.7443
723,0.364241,2.15971,40.7107
724,0.36152,2.15774,40.677
725,0.35881,2.15576,40.6432
726,0.35611,2.15378,40.6093
727,0.35342,2.1518,40.5754
728,0.35074,2.14981,40.5414
729,0.348071,2.14782,40.5074
730,0.345412,2.14583,40.4732
731,0.342763,2.14384,40.4391
732,0.340124,2.14184,40.4048
733,0.337495,2.13983,40.3705
734,0.334877,2.13783,40.3361
735,0.332268,2.13582,40.3017
736,0.32967,2.1338,40.2671
737,0.327082,2.13179,40.2326
738,0.324505,2.12977,40.1979
739,0.321937,2.12775,40.1632
740,0.31938,2.12572,40.1284
741,0.316833,2.12369,40.0936
742,0.314296,2.12166,40.0587
743,0.311769,2.11962,40.0237
744,0.309253,2.11758,39.9886
745,0.306747,2.11554,39.9535
746,0.304251,2.1135,39.9183
747,0.301765,2.11145,39.8831
748,0.299289,2.1094,39.8478
749,0.296823,2.10734,39.8124
750,0.294368,2.10528,39.7769
751,0.291923,2.10322,39.7414
752,0.289488,2.10116,39.7058
753,0.287063,2.09909,39.6702
754,0.284649,2.09702,39.6344
755,0.282245,2.09495,39.5986
756,0.27985,2.09287,39.5628
757,0.277467,2.09079,39.5268
758,0.275093,2.08871,39.4908
759,0.272729,2.08662,39.4548
760,0.270376,2.08454,39.4186
761,0.268033,2.08245,39.3824
762,0.2657,2.08035,39.3461
763,0.263377,2.07825,39.3098
764,0.261065,2.07615,39.2734
765,0.258762,2.07405,39.2369
766,0.25647,2.07195,39.2003
767,0.254188,2.06984,39.1637
768,0.251916,2.06773,39.127
769,0.249655,2.06561,39.0902
770,0.247404,2.06349,39.0534
771,0.245162,2.06137,39.0165
772,0.242931,2.05925,38.9795
773,0.240711,2.05713,38.9424
774,0.2385,2.055,38.9053
775,0.2363,2.05287,38.8681
776,0.23411,2.05073,38.8308
777,0.23193,2.0486,38.7935
778,0.22976,2.04646,38.7561
779,0.2276,2.04431,38.7186
780,0.225451,2.04217,38.681
781,0.223312,2.04002,38.6434
782,0.221183,2.03787,38.6057
783,0.219064,2.03572,38.5679
784,0.216955,2.03356,38.5301
785,0.214857,2.03141,38.4922
786,0.212769,2.02924,38.4542
787,0.210691,2.02708,38.4161
788,0.208623,2.02492,38.378
789,0.206565,2.02275,38.3398
790,0.204518,2.02058,38.3015
791,0.202481,2.0184,38.2631
792,0.200454,2.01623,38.2247
793,0.198437,2.01405,38.1862
794,0.19643,2.01187,38.1476
795,0.194434,2.00968,38.109
796,0.192447,2.0075,38.0702
797,0.190471,2.00531,38.0314
798,0.188506,2.00312,37.9926
799,0.18655,2.00092,37.9536
800,0.184605,1.99873,37.9146
801,0.182669,1.99653,37.8755
802,0.180744,1.99433,37.8363
803,0.178829,1.99212,37.797
804,0.176925,1.98992,37.7577
805,0.17503,1.98771,37.7183
806,0.173146,1.9855,37.6788
807,0.171272,1.98329,37.6393
808,0.169408,1.98107,37.5996
809,0.167554,1.97885,37.5599
810,0.165711,1.97663,37.5201
811,0.163878,1.97441,37.4803
812,0.162055,1.97219,37.4403
813,0.160242,1.96996,37.4003
814,0.158439,1.96773,37.3602
815,0.156647,1.9655,37.32
816,0.154864,1.96327,37.2798
817,0.153092,1.96103,37.2394
818,0.15133,1.95879,37.199
819,0.149579,1.95655,37.1585
820,0.147837,1.95431,37.118
821,0.146106,1.95207,37.0773
822,0.144385,1.94982,37.0366
823,0.142674,1.94757,36.9958
824,0.140973,1.94532,36.9549
825,0.139283,1.94307,36.914
826,0.137602,1.94081,36.8729
827,0.135932,1.93856,36.8318
828,0.134272,1.9363,36.7906
829,0.132623,1.93404,36.7493
830,0.130983,1.93177,36.708
831,0.129354,1.92951,36.6665
832,0.127735,1.92724,36.625
833,0.126126,1.92497,36.5834
834,0.124527,1.9227,36.5417
835,0.122938,1.92043,36.4999
836,0.12136,1.91815,36.4581
837,0.119792,1.91587,36.4162
838,0.118234,1.91359,36.3742
839,0.116686,1.91131,36.3321
840,0.115149,1.90903,36.2899
841,0.113621,1.90674,36.2476
842,0.112104,1.90446,36.2053
843,0.110597,1.90217,36.1629
844,0.109101,1.89988,36.1204
845,0.107614,1.89758,36.0778
846,0.106138,1.89529,36.0351
847,0.104671,1.89299,35.9923
848,0.103215,1.89069,35.9495
849,0.10177,1.88839,35.9066
850,0.100334,1.88609,35.8636
851,0.0989087,1.88379,35.8205
852,0.0974935,1.88148,35.7773
853,0.0960886,1.87917,35.7341
854,0.0946938,1.87686,35.6907
855,0.0933092,1.87455,35.6473
856,0.0919348,1.87224,35.6038
857,0.0905706,1.86993,35.5602
858,0.0892166,1.86761,35.5165
859,0.0878728,1.86529,35.4727
860,0.0865392,1.86297,35.4288
861,0.0852158,1.86065,35.3849
862,0.0839026,1.85833,35.3409
863,0.0825996,1.856,35.2967
864,0.0813067,1.85368,35.2525
865,0.0800241,1.85135,35.2082
866,0.0787517,1.84902,35.1639
867,0.0774895,1.84669,35.1194
868,0.0762375,1.84435,35.0748
869,0.0749956,1.84202,35.0302
870,0.073764,1.83968,34.9854
871,0.0725426,1.83735,34.9406
872,0.0713313,1.83501,34.8957
873,0.0701303,1.83267,34.8507
874,0.0689395,1.83032,34.8056
875,0.0677588,1.82798,34.7604
876,0.0665884,1.82563,34.7152
877,0.0654281,1.82329,34.6698
878,0.0642781,1.82094,34.6244
879,0.0631382,1.81859,34.5788
880,0.0620085,1.81624,34.5332
881,0.0608891,1.81388,34.4875
882,0.0597798,1.81153,34.4417
883,0.0586808,1.80917,34.3958
884,0.0575919,1.80682,34.3498
885,0.0565132,1.80446,34.3037
886,0.0554447,1.8021,34.2575
887,0.0543865,1.79974,34.2112
888,0.0533384,1.79737,34.1649
889,0.0523005,1.79501,34.1184
890,0.0512728,1.79264,34.0719
891,0.0502553,1.79028,34.0252
892,0.049248,1.78791,33.9785
893,0.0482509,1.78554,33.9317
894,0.047264,1.78317,33.8847
895,0.0462873,1.78079,33.8377
896,0.0453208,1.77842,33.7906
897,0.0443645,1.77605,33.7434
898,0.0434184,1.77367,33.6961
899,0.0424825,1.77129,33.6487
900,0.0415568,1.76891,33.6012
901,0.0406413,1.76653,33.5536
902,0.039736,1.76415,33.506
903,0.0388408,1.76177,33.4582
904,0.0379559,1.75939,33.4103
905,0.0370812,1.757,33.3623
906,0.0362167,1.75462,33.3143
907,0.0353623,1.75223,33.2661
908,0.0345182,1.74984,33.2178
909,0.0336843,1.74745,33.1695
910,0.0328605,1.74506,33.121
911,0.032047,1.74267,33.0725
912,0.0312436,1.74027,33.0238
913,0.0304505,1.73788,32.9751
914,0.0296675,1.73548,32.9262
915,0.0288948,1.73309,32.8773
916,0.0281322,1.73069,32.8282
917,0.0273799,1.72829,32.7791
918,0.0266377,1.72589,32.7298
919,0.0259057,1.72349,32.6805
920,0.025184,1.72109,32.631
921,0.0244724,1.71869,32.5815
922,0.023771,1.71628,32.5318
923,0.0230798,1.71388,32.4821
924,0.0223989,1.71147,32.4322
925,0.0217281,1.70906,32.3822
926,0.0210675,1.70666,32.3322
927,0.0204171,1.70425,32.282
928,0.0197769,1.70184,32.2318
929,0.0191469,1.69943,32.1814
930,0.0185271,1.69702,32.1309
931,0.0179175,1.6946,32.0803
932,0.0173181,1.69219,32.0297
933,0.0167289,1.68977,31.9789
934,0.0161499,1.68736,31.928
935,0.0155811,1.68494,31.877
936,0.0150225,1.68253,31.8259
937,0.0144741,1.68011,31.7747
938,0.0139359,1.67769,31.7234
939,0.0134079,1.67527,31.672
940,0.01289,1.67285,31.6205
941,0.0123824,1.67043,31.5688
942,0.011885,1.668,31.5171
943,0.0113977,1.66558,31.4653
944,0.0109207,1.66316,31.4133
945,0.0104539,1.66073,31.3613
946,0.00999724,1.65831,31.3091
947,0.00955079,1.65588,31.2568
948,0.00911455,1.65345,31.2045
949,0.0086885,1.65102,31.152
950,0.00827265,1.6486,31.0994
951,0.007867,1.64617,31.0467
952,0.00747154,1.64374,30.9939
953,0.00708629,1.64131,30.9409
954,0.00671122,1.63887,30.8879
955,0.00634636,1.63644,30.8348
956,0.00599169,1.63401,30.7815
957,0.00564723,1.63158,30.7281
958,0.00531295,1.62914,30.6746
959,0.00498888,1.62671,30.6211
960,0.004675,1.62427,30.5673
961,0.00437132,1.62183,30.5135
962,0.00407784,1.6194,30.4596
963,0.00379455,1.61696,30.4056
964,0.00352146,1.61452,30.3514
965,0.00325857,1.61208,30.2971
966,0.00300588,1.60964,30.2427
967,0.00276338,1.6072,30.1882
968,0.00253108,1.60476,30.1336
969,0.00230898,1.60232,30.0789
970,0.00209708,1.59988,30.0241
971,0.00189537,1.59744,29.9691
972,0.00170386,1.595,29.914
973,0.00152254,1.59255,29.8588
974,0.00135143,1.59011,29.8035
975,0.00119051,1.58767,29.7481
976,0.00103979,1.58522,29.6926
977,0.000899264,1.58278,29.6369
978,0.000768938,1.58033,29.5811
979,0.000648808,1.57788,29.5252
980,0.000538876,1.57544,29.4692
981,0.000439141,1.57299,29.4131
982,0.000349604,1.57054,29.3568
983,0.000270264,1.5681,29.3004
984,0.000201121,1.56565,29.2439
985,0.000142176,1.5632,29.1873
986,9.34293e-05,1.56075,29.1306
987,5.48821e-05,1.5583,29.0737
988,2.65395e-05,1.55585,29.0167
989,8.43725e-06,1.5534,28.9596
990,7.08384e-07,1.55095,28.9024
991,-1.19209e-06,1.5485,28.8452
992,-1.19209e-06,1.54606,28.7882
993,-1.19209e-06,1.54363,28.7315
994,-1.19209e-06,1.54121,28.6751
995,-1.19209e-06,1.5388,28.6189
996,-1.19209e-06,1.5364,28.5631
997,-1.19209e-06,1.53401,28.5075
998,-1.19209e-06,1.53163,28.4522
999,-1.19209e-06,1.52926,28.3971
1000,-1.19209e-06,1.5269,28.3423
